{
  "name": "wooden-ui",
  "title": "Wooden UI by Medik",
  "description": "A nice old medieval fantasy UI for FVTT, based on fantasy-UI work.",
  "version": "0.2.0",
  "author": "Lazarius - forked by Medik",
  "styles": [ "woodenui.css" ],
  "esmodules": [],
  "packs": [],
  "minimumCoreVersion": "0.6.6",
  "compatibleCoreVersion": "9.0.0",
  "manifest": "https://raw.githubusercontent.com/EddieEldridge/foundry-wooden-ui/master/module.json",
  "download": "https://gitlab.com/Lazarius/wooden-ui/-/raw/master/download/wooden-ui_0.2.0.zip",
  "url": "https://github.com/EddieEldridge/foundry-wooden-ui"
}
