{
  "name": "medik-foundry-ui",
  "title": "Medik's UI",
  "description": "A blend of Wooden UI by Lazarius and Dark RPG Styled UI by Xbozon",
  "version": "0.2.4",
  "author": "Medik",
  "styles": [ "woodenui.css" ],
  "esmodules": [],
  "packs": [],
  "minimumCoreVersion": "0.6.6",
  "compatibleCoreVersion": "9.0.0",
  "manifest": "https://raw.githubusercontent.com/EddieEldridge/medik-foundry-ui/master/module.json",
  "download": "https://github.com/EddieEldridge/medik-foundry-ui/raw/master/download/medik-foundry-ui_0.2.4.zip",
  "url": "https://github.com/EddieEldridge/medik-foundry-ui"
}
